perceptron,learning_rate,epochs,k,average_training_mse,average_testing_mse,stdev_testing_mse
sigmoid,0.001,100000,28,0.9900922936716058,3.8390221854567064,17.752196512232036
tanh,0.001,100000,28,1.5827412866510262,197.79782889235503,263.6233435155103
tanh,0.0001,100000,28,1.5720207123851198,197.6907990870703,263.43899227525725
tanh,1e-05,100000,28,3.200742268858172,196.1462132747703,276.3559645749664
tanh,0.001,100000,14,1.5565089334499211,195.80487973607245,216.74582165186027
tanh,0.001,5000,28,1.5831253184433076,197.77875504562766,263.9603524497432
tanh,0.001,100,28,259.81228123925035,430.8556467915091,651.3195368865298
tanh,0.001,1000,28,4.4572103773949845,214.63921073438274,317.4953250778096
