perceptron,learning_rate,best_epoch,min_error
linear,1e-05,103212,40.904528131948645
tanh,1e-05,920986,0.9309259141967327
linear,0.0001,7954,40.982959664391196
linear,1e-06,1268219,40.89669593692596
linear,0.001,554,41.778139760862324
linear,0.01,28,50.565365695267495
sigmoid,0.01,10253,0.9320630519380739
sigmoid,0.001,128661,0.9310229505425544
sigmoid,0.0001,1000000,0.9309191486345094
sigmoid,0.0001,1000000,0.930919131142936
